serverName,FinalDeployedFunCount,FinalDeployedInstanceCount,TotalEvictionCount,TotalReleaseCount,MemorySize,MemoryUsageRate,ReceivedRequestCount,RedirectedCount,WarmStartCount,ColdStartCount,DropCount,SloViolationRate
agent1,149,29,0,374,18432,1.53463936E9,115998,48522,111719,403,3876,0.03688854
agent2,138,25,0,206,18432,1.55878643E9,469746,49570,461826,231,7689,0.016860187
agent3,137,33,0,15,18432,1.5917216E9,1838498,394338,1827163,48,11287,0.0061653852
agent4,150,29,0,322,18432,1.52298342E9,155650,44454,148157,351,7142,0.04814005
agent5,153,22,0,456,18432,1.4882848E9,157224,28610,154659,478,2087,0.016314328
agent6,158,68,0,33,18432,1.5905632E9,376277,77732,358802,101,17374,0.046441853
agent7,159,26,0,528,18432,1.48874406E9,147804,41541,130724,554,16526,0.115558445
agent8,149,26,0,309,18432,1.49309414E9,404343,34441,400052,335,3956,0.010612249
overall,1193,258,0,2243,147456,1.22688164E10,3665540,719208,3593102,2501,69937,0.01976192
