serverName,FinalDeployedFunCount,FinalDeployedInstanceCount,TotalEvictionCount,TotalReleaseCount,MemorySize,MemoryUsageRate,ReceivedRequestCount,RedirectedCount,WarmStartCount,ColdStartCount,DropCount,SloViolationRate
agent1,71,26,0,398,40960,2.0709865E9,64053,49342,63614,424,15,0.0068536997
agent2,60,23,0,507,40960,1.71309734E9,225521,40427,223777,530,1214,0.007733226
agent3,51,31,0,373,40960,1.60483712E9,1014335,35770,1013926,404,5,4.0322542E-4
agent4,65,31,0,772,40960,1.83624998E9,290425,28673,260764,803,28858,0.10212964
agent5,71,20,0,547,40960,2.29320755E9,473655,176951,472520,567,568,0.0023962855
agent6,77,43,0,678,40960,1.98184742E9,187267,70980,186085,721,461,0.006311834
agent7,78,25,0,524,40960,2.04968486E9,222731,16854,221576,549,606,0.005185604
agent8,69,34,0,412,40960,1.91116493E9,984739,4426,979894,446,4399,0.0049200654
overall,542,233,0,4211,327680,1.5461077E10,3462726,423423,3422156,4444,36126,0.011716187
