serverName,FinalDeployedFunCount,FinalDeployedInstanceCount,TotalEvictionCount,TotalReleaseCount,MemorySize,MemoryUsageRate,ReceivedRequestCount,RedirectedCount,WarmStartCount,ColdStartCount,DropCount,SloViolationRate
agent1,51,29,1027,0,23040,1.91703488E9,152426,0,151270,1056,100,0.0075840354
agent2,52,27,997,0,23040,1.91787021E9,132190,0,131165,1024,1,0.0077539682
agent3,40,45,4179,0,23040,1.91969485E9,805201,0,790292,4224,10685,0.018515885
agent4,54,38,4522,0,23040,1.91650394E9,187636,0,170439,4560,12637,0.09165084
agent5,88,34,1620,0,23040,1.89401562E9,36313,0,33801,1654,858,0.069176316
agent6,76,27,1811,0,23040,1.93057216E9,51345,0,49331,1838,176,0.039224863
agent7,66,33,1003,0,23040,1.84630016E9,216848,0,215789,1036,23,0.0048835874
agent8,48,35,2496,0,23040,1.93810202E9,1529868,0,1527274,2531,63,0.0016955733
overall,475,268,17655,0,184320,1.52800952E10,3111827,0,3069361,17923,24543,0.013646662
