serverName,FinalDeployedFunCount,FinalDeployedInstanceCount,TotalEvictionCount,TotalReleaseCount,MemorySize,MemoryUsageRate,ReceivedRequestCount,RedirectedCount,WarmStartCount,ColdStartCount,DropCount,SloViolationRate
agent1,323,68,25404,0,47104,4.01629875E9,3096829,0,3071357,25472,0,0.008225203
agent2,313,87,24512,0,47104,4.01534285E9,3096829,0,3072230,24599,0,0.007943273
agent3,322,85,24662,0,47104,4.01783962E9,3096829,0,3072082,24747,0,0.0079910755
agent4,328,88,25235,0,47104,4.01693722E9,3096829,0,3071506,25323,0,0.008177102
agent5,326,88,25314,0,47104,4.01528832E9,3096829,0,3071427,25402,0,0.008202612
agent6,320,91,25664,0,47104,4.01698176E9,3096829,0,3071074,25755,0,0.0083165765
agent7,329,87,24644,0,47104,4.01660902E9,3096829,0,3072098,24731,0,0.00798589
agent8,322,88,25502,0,47104,4.01756698E9,3096829,0,3071239,25590,0,0.00826329
overall,2583,682,200937,0,376832,3.2132862E10,24774632,0,24573013,201619,0,0.00813818
