serverName,FinalDeployedFunCount,FinalDeployedInstanceCount,TotalEvictionCount,TotalReleaseCount,MemorySize,MemoryUsageRate,ReceivedRequestCount,RedirectedCount,WarmStartCount,ColdStartCount,DropCount,SloViolationRate
agent1,328,106,13267,0,67584,5.7622221E9,1420462,0,1407089,13373,0,0.009414554
agent2,318,101,13480,0,67584,5.7615421E9,1420463,0,1406882,13581,0,0.009560943
agent3,335,100,13693,0,67584,5.7646085E9,1420463,0,1406670,13793,0,0.009710193
agent4,329,104,13624,0,67584,5.7612518E9,1420463,0,1406735,13728,0,0.009664476
agent5,327,103,14176,0,67584,5.753751E9,1420463,0,1406184,14279,0,0.010052383
agent6,327,101,14001,0,67584,5.7567473E9,1420463,0,1406361,14102,0,0.00992775
agent7,322,104,13482,0,67584,5.7600461E9,1420462,0,1406876,13586,0,0.009564519
agent8,326,103,13844,0,67584,5.7531013E9,1420462,0,1406515,13947,0,0.0098186135
overall,2612,822,109567,0,540672,4.6073311E10,11363701,0,11253312,110389,0,0.009714186
