serverName,FinalDeployedFunCount,FinalDeployedInstanceCount,TotalEvictionCount,TotalReleaseCount,MemorySize,MemoryUsageRate,ReceivedRequestCount,RedirectedCount,WarmStartCount,ColdStartCount,DropCount,SloViolationRate
agent1,332,156,4136,0,83968,7.1548718E9,458192,0,453900,4292,0,0.009367228
agent2,326,159,4047,0,83968,7.1650545E9,458193,0,453987,4206,0,0.0091795325
agent3,333,157,4314,0,83968,7.1652465E9,458193,0,453722,4471,0,0.009757876
agent4,334,152,4247,0,83968,7.1568737E9,458193,0,453794,4399,0,0.009600759
agent5,332,158,4134,0,83968,7.1648901E9,458193,0,453901,4292,0,0.009367228
agent6,338,164,4353,0,83968,7.1666596E9,458192,0,453675,4517,0,0.00985831
agent7,335,155,4309,0,83968,7.1651215E9,458192,0,453728,4464,0,0.009742618
agent8,330,155,4341,0,83968,7.1573806E9,458192,0,453696,4496,0,0.009812474
overall,2660,1256,33881,0,671744,5.7296105E10,3665540,0,3630403,35137,0,0.009585738
