serverName,FinalDeployedFunCount,FinalDeployedInstanceCount,TotalEvictionCount,TotalReleaseCount,MemorySize,MemoryUsageRate,ReceivedRequestCount,RedirectedCount,WarmStartCount,ColdStartCount,DropCount,SloViolationRate
agent1,360,123,0,3029,69632,5.6679491E9,1556629,237154,1497545,3152,55932,0.037956357
agent2,357,125,0,2917,69632,5.6613315E9,1545401,243464,1496539,3042,45820,0.0316177
agent3,360,115,0,2961,69632,5.6681943E9,1553149,242129,1493936,3076,56137,0.0381245
agent4,360,118,0,2977,69632,5.6547256E9,1546405,247902,1493807,3095,49503,0.034013093
agent5,361,125,0,2942,69632,5.6401551E9,1554288,244823,1498846,3067,52375,0.03567034
agent6,357,123,0,3007,69632,5.666497E9,1551340,245027,1494483,3130,53727,0.03665024
agent7,361,120,0,2924,69632,5.6539715E9,1550422,246547,1497643,3044,49735,0.034041703
agent8,361,124,0,2955,69632,5.6315889E9,1554289,242873,1496857,3079,54353,0.036950648
overall,2877,973,0,23712,557056,4.5244404E10,12411923,1949919,11969656,24685,417582,0.03563243
