serverName,FinalDeployedFunCount,FinalDeployedInstanceCount,TotalEvictionCount,TotalReleaseCount,MemorySize,MemoryUsageRate,ReceivedRequestCount,RedirectedCount,WarmStartCount,ColdStartCount,DropCount,SloViolationRate
agent1,345,109,0,3930,83968,6.5790413E9,458013,3893,453148,4039,826,0.010621965
agent2,340,119,0,3876,83968,6.5097011E9,458318,3814,453177,3995,1146,0.011217117
agent3,341,111,0,3926,83968,6.6175954E9,457809,4205,452771,4037,1001,0.011004567
agent4,347,109,0,3867,83968,6.5710648E9,458404,3924,453147,3976,1281,0.011468053
agent5,344,106,0,3835,83968,6.5283896E9,458406,3715,453337,3941,1128,0.011057854
agent6,350,115,0,3936,83968,6.5803561E9,457974,3982,453163,4051,760,0.010504961
agent7,349,123,0,3912,83968,6.5325512E9,457935,4212,452946,4035,954,0.010894537
agent8,341,123,0,3913,83968,6.5512991E9,458681,3686,453183,4036,1462,0.011986554
overall,2757,915,0,31195,671744,5.2469998E10,3665540,31431,3624872,32110,8558,0.011094689
