serverName,FinalDeployedFunCount,FinalDeployedInstanceCount,TotalEvictionCount,TotalReleaseCount,MemorySize,MemoryUsageRate,ReceivedRequestCount,RedirectedCount,WarmStartCount,ColdStartCount,DropCount,SloViolationRate
agent1,331,108,0,4196,108544,6.9160474E9,433734,6469,427722,4304,1708,0.013861001
agent2,329,102,0,4234,108544,6.925567E9,432463,6886,426515,4336,1612,0.013753772
agent3,338,111,0,4268,108544,6.929174E9,432830,6810,427089,4379,1362,0.013263881
agent4,335,112,0,4199,108544,6.8299648E9,432835,6766,427180,4311,1344,0.01306504
agent5,341,102,0,4234,108544,6.8515313E9,432934,6692,427480,4336,1118,0.01259774
agent6,333,103,0,4247,108544,6.929514E9,432330,7284,426796,4350,1184,0.0128003955
agent7,332,115,0,4169,108544,6.8471245E9,432739,7429,427373,4284,1082,0.012400091
agent8,345,111,0,4185,108544,6.8200863E9,432861,7433,427137,4296,1428,0.013223648
overall,2684,864,0,33732,868352,5.5049028E10,3462726,55769,3417292,34596,10838,0.01312089
