serverName,FinalDeployedFunCount,FinalDeployedInstanceCount,TotalEvictionCount,TotalReleaseCount,MemorySize,MemoryUsageRate,ReceivedRequestCount,RedirectedCount,WarmStartCount,ColdStartCount,DropCount,SloViolationRate
agent1,368,110,0,2070,67584,5.755179E9,1421300,29833,1413867,2180,5253,0.0052297115
agent2,362,113,0,2133,67584,5.7476613E9,1420666,29493,1413227,2246,5193,0.005236268
agent3,371,109,0,1948,67584,5.768662E9,1418285,31857,1411018,2057,5210,0.005123794
agent4,367,104,0,2186,67584,5.7536384E9,1421961,30272,1414400,2290,5271,0.0053173304
agent5,363,108,0,2145,67584,5.7525903E9,1419757,31272,1412056,2253,5448,0.005424142
agent6,363,102,0,2036,67584,5.753215E9,1418893,33127,1411029,2138,5726,0.005542338
agent7,367,103,0,2140,67584,5.7551247E9,1421765,31392,1414226,2243,5296,0.0053025484
agent8,366,108,0,2052,67584,5.74957E9,1421074,30831,1413368,2160,5546,0.005422652
overall,2927,857,0,16710,540672,4.6035624E10,11363701,248077,11303191,17567,42943,0.0053248405
