serverName,FinalDeployedFunCount,FinalDeployedInstanceCount,TotalEvictionCount,TotalReleaseCount,MemorySize,MemoryUsageRate,ReceivedRequestCount,RedirectedCount,WarmStartCount,ColdStartCount,DropCount,SloViolationRate
agent1,47,136,7936,0,69632,5.9789548E9,6906700,0,6828208,8072,70420,0.011364639
agent2,91,135,10858,0,69632,5.9898849E9,3498359,0,3374946,10993,112420,0.035277426
agent3,98,129,7912,0,69632,5.9734134E9,650626,0,586950,8041,55635,0.0978688
agent4,113,116,4276,0,69632,4.27587021E9,434745,0,295516,4392,134837,0.3202544
agent5,122,89,1693,0,69632,5.270313E9,442462,0,440561,1782,119,0.004296422
agent6,54,105,34,0,69632,4.5823212E9,327998,0,327859,139,0,4.2378902E-4
agent7,53,48,325,0,69632,5.3937382E9,91036,0,90565,373,98,0.0051738024
agent8,46,51,0,0,69632,3.37935053E9,59997,0,59946,51,0,8.5002184E-4
overall,624,809,33034,0,557056,4.0843842E10,12411923,0,12004551,33843,373529,0.032821
