serverName,FinalDeployedFunCount,FinalDeployedInstanceCount,TotalEvictionCount,TotalReleaseCount,MemorySize,MemoryUsageRate,ReceivedRequestCount,RedirectedCount,WarmStartCount,ColdStartCount,DropCount,SloViolationRate
agent1,47,134,0,0,262144,1.20933489E10,186712,0,186578,134,0,7.176995E-4
agent2,47,85,0,0,262144,5.2950257E9,827104,0,827019,85,0,1.0275841E-4
agent3,40,79,0,0,262144,4.28755149E9,442767,0,442688,79,0,1.783967E-4
agent4,46,216,662,0,262144,1.09053194E10,412204,0,177820,878,233506,0.5686116
agent5,76,207,548,0,262144,1.31566889E10,584553,0,580649,755,3149,0.0066785812
agent6,54,227,203,0,262144,1.13419827E10,35719,0,34603,430,686,0.03124386
agent7,53,96,335,0,262144,2.06335345E10,75266,0,62932,431,11903,0.16387212
agent8,46,185,0,0,262144,1.16431002E10,171004,0,170819,185,0,0.0010818243
overall,409,1229,1748,0,2097152,8.9356534E10,2735329,0,2483108,2977,249244,0.092208624
