serverName,FinalDeployedFunCount,FinalDeployedInstanceCount,TotalEvictionCount,TotalReleaseCount,MemorySize,MemoryUsageRate,ReceivedRequestCount,RedirectedCount,WarmStartCount,ColdStartCount,DropCount,SloViolationRate
agent1,338,84,0,20176,83968,5.94306E9,457982,797,437405,20260,317,0.044929743
agent2,333,104,0,19946,83968,5.969602E9,458211,797,437921,20050,240,0.044280887
agent3,333,90,0,19845,83968,6.0860703E9,458088,890,437923,19935,230,0.044019938
agent4,335,80,0,20231,83968,6.0044764E9,458412,659,437914,20311,187,0.044715226
agent5,334,89,0,20304,83968,5.9260774E9,458047,807,437468,20393,186,0.044927716
agent6,341,94,0,20004,83968,6.0365696E9,458150,862,437863,20098,189,0.04428023
agent7,340,106,0,18861,83968,6.0089856E9,458383,658,439181,18967,235,0.04189074
agent8,332,102,0,18967,83968,5.956757E9,458267,575,439067,19069,131,0.041897
overall,2686,749,0,158334,671744,4.7931601E10,3665540,6045,3504742,159083,1715,0.04386747
