serverName,FinalDeployedFunCount,FinalDeployedInstanceCount,TotalEvictionCount,TotalReleaseCount,MemorySize,MemoryUsageRate,ReceivedRequestCount,RedirectedCount,WarmStartCount,ColdStartCount,DropCount,SloViolationRate
agent1,344,110,0,26829,69632,5.4824259E9,1550539,204974,1483427,26939,40173,0.043282986
agent2,345,108,0,25608,69632,5.4932096E9,1543289,214517,1479907,25716,37666,0.041069448
agent3,353,96,0,26444,69632,5.4980849E9,1552531,212338,1484598,26540,41393,0.043756306
agent4,349,86,0,25744,69632,5.4901473E9,1555594,208068,1491270,25830,38494,0.041350126
agent5,352,105,0,27009,69632,5.4625449E9,1553793,206105,1491657,27114,35022,0.03998989
agent6,347,101,0,24625,69632,5.5243069E9,1541780,216071,1479801,24726,37253,0.040199637
agent7,352,98,0,25197,69632,5.4665569E9,1551105,217217,1487847,25295,37963,0.04078251
agent8,351,96,0,27147,69632,5.4598144E9,1563292,204480,1494334,27243,41715,0.044110775
overall,2793,800,0,208603,557056,4.3877097E10,12411923,1683770,11892841,209403,309679,0.04182124
