serverName,FinalDeployedFunCount,FinalDeployedInstanceCount,TotalEvictionCount,TotalReleaseCount,MemorySize,MemoryUsageRate,ReceivedRequestCount,RedirectedCount,WarmStartCount,ColdStartCount,DropCount,SloViolationRate
agent1,372,101,0,8103,47104,4.05413606E9,3089960,304395,3058263,8204,23493,0.010258079
agent2,366,97,0,8316,47104,4.05225677E9,3109512,290479,3079415,8413,21684,0.009679019
agent3,371,96,0,10279,47104,4.05335526E9,3082747,304327,3048631,10375,23741,0.011066735
agent4,368,90,0,7051,47104,4.05517645E9,3094714,308046,3063831,7141,23742,0.009979248
agent5,373,95,0,10403,47104,4.04977459E9,3113918,290175,3080697,10498,22723,0.010668576
agent6,372,94,0,8189,47104,4.0525568E9,3086787,299378,3056201,8283,22303,0.009908676
agent7,376,91,0,9298,47104,4.0503529E9,3116206,280597,3084439,9389,22378,0.010194123
agent8,373,95,0,10004,47104,4.05041331E9,3080788,296924,3048188,10099,22501,0.010581732
overall,2971,759,0,71643,376832,3.24180193E10,24774632,2374321,24519665,72402,182565,0.010291517
