serverName,FinalDeployedFunCount,FinalDeployedInstanceCount,TotalEvictionCount,TotalReleaseCount,MemorySize,MemoryUsageRate,ReceivedRequestCount,RedirectedCount,WarmStartCount,ColdStartCount,DropCount,SloViolationRate
agent1,330,85,0,20104,108544,6.191531E9,433024,2587,412565,20189,270,0.047246814
agent2,328,89,0,18382,108544,6.1738112E9,432623,2835,413868,18471,284,0.04335183
agent3,336,85,0,20686,108544,6.0766981E9,432970,2698,411898,20771,301,0.048668504
agent4,332,87,0,20339,108544,6.0591427E9,432962,2558,412286,20426,250,0.047754765
agent5,341,80,0,20170,108544,6.0720799E9,432966,2414,412179,20250,537,0.048010707
agent6,335,86,0,21132,108544,6.1097702E9,432539,2722,410985,21218,336,0.04983133
agent7,331,85,0,20130,108544,6.0965412E9,432837,2752,412340,20215,282,0.047354996
agent8,344,91,0,22020,108544,6.0017004E9,432805,2781,410361,22111,333,0.051857054
overall,2677,688,0,162963,868352,4.8781255E10,3462726,21347,3296482,163651,2593,0.048009574
