serverName,FinalDeployedFunCount,FinalDeployedInstanceCount,TotalEvictionCount,TotalReleaseCount,MemorySize,MemoryUsageRate,ReceivedRequestCount,RedirectedCount,WarmStartCount,ColdStartCount,DropCount,SloViolationRate
agent1,340,85,0,18405,262144,7.5226071E9,341973,16993,321402,18490,2081,0.0601539
agent2,339,80,0,19743,262144,7.4675471E9,341684,17347,319632,19823,2229,0.064539194
agent3,338,88,0,19105,262144,7.6797056E9,341961,17306,320029,19193,2739,0.06413597
agent4,339,83,0,20262,262144,7.5279442E9,342406,16722,319285,20345,2776,0.06752509
agent5,339,80,0,19452,262144,7.4084147E9,341507,17081,320229,19532,1746,0.062306166
agent6,334,79,0,18866,262144,7.5274819E9,342979,15847,321186,18945,2848,0.06354034
agent7,335,86,0,19480,262144,7.4001009E9,341366,16524,319642,19566,2158,0.06363845
agent8,345,85,0,20445,262144,7.4203044E9,341453,17027,318968,20530,1955,0.06585091
overall,2709,666,0,155758,2097152,5.9954106E10,2735329,134847,2560373,156424,18532,0.063961565
