serverName,FinalDeployedFunCount,FinalDeployedInstanceCount,TotalEvictionCount,TotalReleaseCount,MemorySize,MemoryUsageRate,ReceivedRequestCount,RedirectedCount,WarmStartCount,ColdStartCount,DropCount,SloViolationRate
agent1,321,68,0,14812,100352,5.2514693E9,272937,0,258057,14880,0,0.054518104
agent2,318,70,0,14101,100352,5.2689782E9,272938,0,258767,14171,0,0.051920235
agent3,314,69,0,15201,100352,5.3352417E9,272938,0,257668,15270,0,0.055946767
agent4,313,70,0,14732,100352,5.2248965E9,272938,0,258136,14802,0,0.05423212
agent5,320,72,0,15075,100352,5.2463514E9,272938,0,257791,15147,0,0.055496097
agent6,328,64,0,15131,100352,5.3419018E9,272938,0,257743,15195,0,0.05567199
agent7,331,69,0,14754,100352,5.3079455E9,272937,0,258114,14823,0,0.05430925
agent8,323,63,0,15178,100352,5.2097219E9,272937,0,257696,15241,0,0.05584073
overall,2568,545,0,118984,802816,4.2186494E10,2183501,0,2063972,119529,0,0.05474192
