serverName,FinalDeployedFunCount,FinalDeployedInstanceCount,TotalEvictionCount,TotalReleaseCount,MemorySize,MemoryUsageRate,ReceivedRequestCount,RedirectedCount,WarmStartCount,ColdStartCount,DropCount,SloViolationRate
agent1,47,44,3515,0,38912,3.31989581E9,783701,262628,780142,3559,0,0.004541278
agent2,61,57,14196,0,38912,3.30895718E9,767311,9302,753058,14253,0,0.018575251
agent3,49,44,431,0,38912,3.17356698E9,145914,0,145439,475,0,0.0032553673
agent4,46,49,369,0,38912,3.29697792E9,115065,5,114647,418,0,0.0036327243
agent5,68,50,703,0,38912,3.26584602E9,39034,0,38281,753,0,0.019290864
agent6,50,41,27,0,38912,3.04428032E9,22699,0,22631,68,0,0.0029957294
agent7,58,34,144,0,38912,3.05138995E9,22434,0,22256,178,0,0.0079343915
agent8,46,61,278,0,38912,2.74792243E9,287343,462,287004,339,0,0.0011797547
overall,425,380,19663,0,311296,2.52088238E10,2183501,272397,2163458,20043,0,0.009179294
