serverName,FinalDeployedFunCount,FinalDeployedInstanceCount,TotalEvictionCount,TotalReleaseCount,MemorySize,MemoryUsageRate,ReceivedRequestCount,RedirectedCount,WarmStartCount,ColdStartCount,DropCount,SloViolationRate
agent1,75,30,1311,0,23040,1.91431936E9,153899,156,152542,1341,16,0.008817494
agent2,92,26,2047,0,23040,1.91487245E9,147477,8729,138251,2073,7153,0.06255889
agent3,88,45,7191,0,23040,1.92222349E9,802642,27206,795337,7236,69,0.009101212
agent4,55,38,3045,0,23040,1.91336576E9,172807,18276,169717,3083,7,0.017881215
agent5,89,30,861,0,23040,1.89198912E9,31767,10430,30876,891,0,0.028047979
agent6,63,27,1574,0,23040,1.92874854E9,50056,397,48455,1601,0,0.03198415
agent7,74,33,1031,0,23040,1.84333478E9,218544,5,217480,1064,0,0.004868567
agent8,81,35,4968,0,23040,1.93818125E9,1534635,16022,1529632,5003,0,0.003260076
overall,617,264,22028,0,184320,1.52670321E10,3111827,81221,3082290,22292,7245,0.009491861
