serverName,FinalDeployedFunCount,FinalDeployedInstanceCount,TotalEvictionCount,TotalReleaseCount,MemorySize,MemoryUsageRate,ReceivedRequestCount,RedirectedCount,WarmStartCount,ColdStartCount,DropCount,SloViolationRate
agent1,148,76,3371,0,38912,3.36149939E9,6242121,4546179,6238674,3447,0,5.5223703E-4
agent2,93,54,1729,0,38912,3.27500902E9,1805496,0,1803713,1783,0,9.875298E-4
agent3,86,56,498,0,38912,3.25770522E9,603904,0,603350,554,0,9.173751E-4
agent4,147,76,3242,0,38912,3.36150477E9,6370973,9394547,6367655,3318,0,5.208254E-4
agent5,56,33,445,0,38912,3.21111194E9,116699,0,116221,478,0,0.004096031
agent6,104,80,14307,0,38912,3.3301568E9,3126434,165045,2957847,14387,154200,0.05392307
agent7,102,76,1907,0,38912,3.36171674E9,6393503,15704168,6380676,1983,10844,0.0020062327
agent8,46,35,86,0,38912,2.54239667E9,115502,1,115381,121,0,0.0010476112
overall,782,486,25585,0,311296,2.57011077E10,24774632,29809940,24583517,26071,165044,0.0077141523
