serverName,FinalDeployedFunCount,FinalDeployedInstanceCount,TotalEvictionCount,TotalReleaseCount,MemorySize,MemoryUsageRate,ReceivedRequestCount,RedirectedCount,WarmStartCount,ColdStartCount,DropCount,SloViolationRate
agent1,66,225,605,0,262144,1.5839786E10,287827,60887,226256,830,60741,0.21391672
agent2,86,213,725,0,262144,1.16358246E10,888770,104240,887832,938,0,0.0010554194
agent3,83,227,669,0,262144,1.10657516E10,517978,167897,517082,896,0,0.0017297864
agent4,65,216,804,0,262144,1.56695818E10,190717,243069,189599,1020,98,0.005862117
agent5,71,157,0,0,262144,9.6244142E9,579664,0,579507,157,0,2.708435E-4
agent6,50,82,0,0,262144,4.575659E9,33995,0,33913,82,0,0.0024121404
agent7,53,96,325,0,262144,2.06336123E10,63363,11903,62942,421,0,0.006644249
agent8,70,223,0,0,262144,1.25559511E10,173015,0,172792,223,0,0.0012888908
overall,544,1439,3128,0,2097152,1.01600575E11,2735329,587996,2669923,4567,60839,0.023911595
