serverName,FinalDeployedFunCount,FinalDeployedInstanceCount,TotalEvictionCount,TotalReleaseCount,MemorySize,MemoryUsageRate,ReceivedRequestCount,RedirectedCount,WarmStartCount,ColdStartCount,DropCount,SloViolationRate
agent1,116,26,5418,0,16384,1.35550682E9,105453,10725,99960,5444,49,0.052089572
agent2,101,24,5092,0,16384,1.36120077E9,490557,1038,485438,5116,3,0.010435104
agent3,79,32,6763,0,16384,1.38956595E9,2167763,30178,2160945,6795,23,0.0031451583
agent4,101,28,2377,0,16384,1.34078221E9,152660,10213,150191,2405,64,0.016173184
agent5,86,18,1703,0,16384,1.29630221E9,137647,519,135919,1721,7,0.012553871
agent6,85,60,8486,0,16384,1.39591117E9,394208,25645,381715,8546,3947,0.031691372
agent7,87,25,1714,0,16384,1.30822925E9,139265,13993,137271,1739,255,0.014318049
agent8,98,26,3892,0,16384,1.36695373E9,77987,220,74062,3918,7,0.05032891
overall,753,239,35445,0,131072,1.08144527E10,3665540,92531,3625501,35684,4355,0.010923088
