serverName,FinalDeployedFunCount,FinalDeployedInstanceCount,TotalEvictionCount,TotalReleaseCount,MemorySize,MemoryUsageRate,ReceivedRequestCount,RedirectedCount,WarmStartCount,ColdStartCount,DropCount,SloViolationRate
agent1,171,28,0,2546,18432,1.53077312E9,106420,49415,100389,2574,3457,0.05667168
agent2,160,26,0,3111,18432,1.56353664E9,454334,65106,444761,3137,6436,0.02107042
agent3,159,36,0,1488,18432,1.58973171E9,2053827,171577,2045823,1524,6480,0.0038971305
agent4,173,27,0,2206,18432,1.52621312E9,155764,48039,145707,2233,7824,0.0645656
agent5,172,17,0,3835,18432,1.48531379E9,173876,31364,167732,3852,2292,0.03533554
agent6,181,69,0,1129,18432,1.58524186E9,387566,72498,369513,1198,16855,0.046580434
agent7,179,23,0,2431,18432,1.48350144E9,149727,46672,131557,2454,15716,0.12135422
agent8,166,22,0,2765,18432,1.48173901E9,184026,35337,176817,2787,4422,0.03917384
overall,1361,248,0,19511,147456,1.22460549E10,3665540,520008,3582299,19759,63482,0.022709072
