serverName,FinalDeployedFunCount,FinalDeployedInstanceCount,TotalEvictionCount,TotalReleaseCount,MemorySize,MemoryUsageRate,ReceivedRequestCount,RedirectedCount,WarmStartCount,ColdStartCount,DropCount,SloViolationRate
agent1,65,16,0,9114,262144,5.812393E9,287747,72737,206186,9130,72431,0.2834469
agent2,79,24,0,4117,262144,2.52530662E9,887109,109841,882799,4141,169,0.004858494
agent3,71,36,0,4898,262144,2.71411866E9,521719,172761,507274,4934,9511,0.027687311
agent4,58,17,0,4319,262144,2.77363661E9,191531,251923,182790,4336,4405,0.045637548
agent5,70,20,0,4605,262144,2.17709696E9,576934,0,572309,4625,0,0.008016527
agent6,50,17,0,5099,262144,1.13108723E9,33995,0,28879,5116,0,0.15049273
agent7,53,15,0,4239,262144,1.78156096E9,62277,12989,57924,4254,99,0.06989741
agent8,64,18,0,4107,262144,1.41975322E9,174017,0,169892,4125,0,0.023704588
overall,510,163,0,40498,2097152,2.03349627E10,2735329,620251,2608053,40661,86615,0.046530426
