serverName,FinalDeployedFunCount,FinalDeployedInstanceCount,TotalEvictionCount,TotalReleaseCount,MemorySize,MemoryUsageRate,ReceivedRequestCount,RedirectedCount,WarmStartCount,ColdStartCount,DropCount,SloViolationRate
agent1,156,28,0,1958,23040,1.8528713E9,158073,40134,140189,1986,15898,0.1131376
agent2,140,21,0,2901,23040,1.7511456E9,176039,69740,143133,2922,29984,0.18692452
agent3,138,29,0,3545,23040,1.88949184E9,702702,166087,691314,3574,7814,0.016206026
agent4,148,26,0,3320,23040,1.87373658E9,165029,49736,155823,3346,5860,0.055784106
agent5,156,13,0,2359,23040,1.72247296E9,90663,50200,85174,2372,3117,0.06054288
agent6,160,20,0,1729,23040,1.82050317E9,51848,15971,49031,1749,1068,0.0543319
agent7,157,26,0,3751,23040,1.86917491E9,287490,20976,279814,3777,3899,0.02670008
agent8,145,36,0,2762,23040,1.95946726E9,1479983,183956,1474640,2798,2545,0.0036101937
overall,1200,199,0,22325,184320,1.47388641E10,3111827,596800,3019118,22524,70185,0.029792488
