serverName,FinalDeployedFunCount,FinalDeployedInstanceCount,TotalEvictionCount,TotalReleaseCount,MemorySize,MemoryUsageRate,ReceivedRequestCount,RedirectedCount,WarmStartCount,ColdStartCount,DropCount,SloViolationRate
agent1,74,24,0,3311,40960,1.93999629E9,64506,48907,61147,3335,24,0.052072704
agent2,66,20,0,3644,40960,1.54310989E9,225773,39849,221042,3664,1067,0.020954669
agent3,59,27,0,3309,40960,1.49088883E9,1014539,35117,1011194,3336,9,0.0032970905
agent4,65,20,0,4713,40960,1.69198861E9,289325,28636,256358,4733,28234,0.11394453
agent5,77,14,0,6270,40960,2.13236301E9,474055,176693,467216,6284,555,0.014426589
agent6,81,39,0,4338,40960,1.80307597E9,186977,70980,182139,4377,461,0.025874853
agent7,81,15,0,6306,40960,1.75033421E9,222740,16854,215813,6321,606,0.031099021
agent8,81,31,0,4718,40960,1.76568832E9,984811,4436,975663,4749,4399,0.009289086
overall,584,190,0,36609,327680,1.41174467E10,3462726,421472,3390572,36799,35355,0.020837367
