serverName,FinalDeployedFunCount,FinalDeployedInstanceCount,TotalEvictionCount,TotalReleaseCount,MemorySize,MemoryUsageRate,ReceivedRequestCount,RedirectedCount,WarmStartCount,ColdStartCount,DropCount,SloViolationRate
agent1,139,77,0,1449,38912,3.35653658E9,4970240,7636013,4954074,1526,14640,0.0032525659
agent2,87,40,0,7698,38912,2.45931059E9,1378279,276,1370531,7738,10,0.005621493
agent3,88,36,0,9058,38912,1.96898022E9,576332,48,567238,9094,0,0.015779078
agent4,137,74,0,2804,38912,3.35729357E9,5018085,11181110,5013022,2878,2185,0.0010089278
agent5,76,18,0,6293,38912,1.84043494E9,117196,0,110885,6311,0,0.053849936
agent6,103,70,0,2271,38912,3.34669338E9,6647269,2353590,4293301,2341,2351627,0.35412556
agent7,97,78,0,1691,38912,3.35985638E9,5952013,16137616,5942045,1769,8199,0.0016747117
agent8,48,14,0,5349,38912,1.01187091E9,115218,295,109790,5363,65,0.047110677
overall,775,407,0,36613,311296,2.07009731E10,24774632,37308948,22360886,37020,2376726,0.09742814
